{
  "version": "1.0",
  "defaultProvider": "cdnjs",
  "libraries": [
    {
      "library": "jquery@3.2.0",
      "destination": "wwwroot/lib/jquery/"
    },
    {
      "provider": "unpkg",
      "library": "jquery-validation@1.17.0",
      "destination": "wwwroot/lib/jquery-validation/"
    },
    {
      "library": "jquery-validation-unobtrusive@3.2.9",
      "destination": "wwwroot/lib/jquery-validation-unobtrusive/"
    },
    {
      "provider": "unpkg",
      "library": "bootstrap@3.3.7",
      "destination": "wwwroot/lib/bootstrap/"
    }

  ]

}